grade_level,avg_gpa
9,3.40000
10,3.15000
11,3.05000
12,3.16667
